Gebiet	Ort	Lage	Typ	X
Mosel	Alf	Arrasburg-Schloßberg	EL	1
Mosel	Alf	Burggraf	EL	1
Mosel	Alf	Gartenwingert	AL	0
Mosel	Alf	Grafschaft	GL	0
Mosel	Alf	Herrenberg	EL	1
Mosel	Alf	Hölle	EL	1
Mosel	Alf	Kapellenberg	EL	1
Mosel	Alf	Katzenkopf	EL	1
Mosel	Alf	Kronenberg	EL	1
Mosel	Alf	Niederberg	AL	1
Mosel	Alken	Bleidenberg	EL	1
Mosel	Alken	Burgberg	EL	1
Mosel	Alken	Hunnenstein	EL	1
Mosel	Alken	Sonnenring	AL	0
Mosel	Alken	Weinhex	GL	0
Mosel	Andel	Goldschatz	EL	1
Mosel	Andel	Kurfürstlay	GL	0
Mosel	Andel	Sonnseite	AL	0
Mosel	Avelsbach	Altenberg	EL	1
Mosel	Avelsbach	Hammerstein	EL	1
Mosel	Avelsbach	Herrenberg	EL	1
Mosel	Avelsbach	Kupp	EL	1
Mosel	Avelsbach	Römerlay	GL	0
Mosel	Avelsbach	Rotlei	EL	1
Mosel	Avelsbach	Thielslei	AL	1
Mosel	Avelsbach	Vogelgesang	AL	1
Mosel	Avelsbach	Wolfsgraben	AL	1
Mosel	Ayl	Herrenberger	EL	1
Mosel	Ayl	Kupp	EL	1
Mosel	Ayl	Scharzberg	GL	1
Mosel	Ayl	Scheidterberg	EL	1
Mosel	Bausendorf	Herzlay	EL	1
Mosel	Bausendorf	Hubertuslay	EL	1
Mosel	Bausendorf	Niederberg	AL	1
Mosel	Beilstein	Herrenberg	AL	0
Mosel	Beilstein	Porteberg	AL	1
Mosel	Beilstein	Rosenhang	GL	1
Mosel	Beilstein	Schloßberg	EL	1
Mosel	Beilstein	Silberberg	EL	1
Mosel	Beilstein	Weinborn	AL	0
Mosel	Beilstein	Woogberg	AL	1
Mosel	Bekond	Brauneberg	EL	1
Mosel	Bekond	Schloßberg	EL	1
Mosel	Bekond	St. Michael	GL	0
Mosel	Bernkastel	Alte Badstube am Doktorberg	EL	1
Mosel	Bernkastel	Altenwald	AL	1
Mosel	Bernkastel	Amorpfad	AL	1
Mosel	Bernkastel	Badstube	GL	1
Mosel	Bernkastel	Bratenhöfchen	EL	1
Mosel	Bernkastel	Braunes	AL	1
Mosel	Bernkastel	Doctor	EL	1
Mosel	Bernkastel	Domherrenbrünnchen	AL	0
Mosel	Bernkastel	Geisberg	AL	1
Mosel	Bernkastel	Gisbertus Klause	AL	0
Mosel	Bernkastel	Graben	EL	1
Mosel	Bernkastel	Haargarten	AL	0
Mosel	Bernkastel	Hammerstein	AL	0
Mosel	Bernkastel	Held	AL	1
Mosel	Bernkastel	Herrenberg	AL	0
Mosel	Bernkastel	Hofberg	AL	1
Mosel	Bernkastel	Johannisbrünnchen	EL	1
Mosel	Bernkastel	Kardinalsberg	AL	1
Mosel	Bernkastel	Kirchengrube	AL	1
Mosel	Bernkastel	Königstuhl	AL	1
Mosel	Bernkastel	Kreiswingert	AL	0
Mosel	Bernkastel	Kurfürstlay	GL	1
Mosel	Bernkastel	Lay	EL	1
Mosel	Bernkastel	Margarethenberg	AL	1
Mosel	Bernkastel	Matheisbildchen	EL	1
Mosel	Bernkastel	Michaelsberg	AL	1
Mosel	Bernkastel	Olk	AL	0
Mosel	Bernkastel	Pallert	AL	0
Mosel	Bernkastel	Pfaffenberg	AL	1
Mosel	Bernkastel	Pfalzgraben	AL	1
Mosel	Bernkastel	Rosenberg	AL	1
Mosel	Bernkastel	Schloßberg	EL	1
Mosel	Bernkastel	Schwanen	AL	1
Mosel	Bernkastel	Steinkaul	AL	1
Mosel	Bernkastel	Stephanus-Rosengärtchen	EL	1
Mosel	Bernkastel	Theurenkauf	AL	1
Mosel	Bernkastel	Urglück	AL	1
Mosel	Bernkastel-Kues	Herrenberg	AL	1
Mosel	Bernkastel-Kues	Kardinalsberg	EL	1
Mosel	Bernkastel-Kues	Kurfürstlay	GL	0
Mosel	Bernkastel-Kues	Rosenberg	EL	1
Mosel	Bernkastel-Kues	Weissenstein	EL	1
Mosel	Beuren	Grafschaft	GLx	0
Mosel	Beuren	Pelzerberger	ELx	0
Mosel	Biewer	Augenscheiner	EL	0
Mosel	Biewer	Augenscheiner Stübchen	AL	0
Mosel	Biewer	Augenscheiner Treppchen	AL	0
Mosel	Biewer	Römerlay	GLx	0
Mosel	Brauneberg	Bürgerslay	AL	1
Mosel	Brauneberg	Falkenberg	AL	1
Mosel	Brauneberg	Falklay	AL	0
Mosel	Brauneberg	Gold	AL	0
Mosel	Brauneberg	Hasenläufer	EL	1
Mosel	Brauneberg	In den Juffern	AL	1
Mosel	Brauneberg	Juffer	EL	1
Mosel	Brauneberg	Juffer Sonnenuhr	EL	1
Mosel	Brauneberg	Juffer-Falkenberg	AL	1
Mosel	Brauneberg	Juffer-Nonnenlay	AL	0
Mosel	Brauneberg	Kammer	EL	1
Mosel	Brauneberg	Klostergarten	EL	1
Mosel	Brauneberg	Kurfürstlay	GL	1
Mosel	Brauneberg	Lay	AL	1
Mosel	Brauneberg	Mandelgraben	EL	1
Mosel	Brauneberg	Nonnenberg	AL	0
Mosel	Brauneberg	Nonnenlay	AL	1
Mosel	Brauneberg	Pichter	AL	0
Mosel	Bremm	Abtei Kloster Stuben	EL	1
Mosel	Bremm	Calmont	EL	1
Mosel	Bremm	Frauenberg	EL	1
Mosel	Bremm	Grafschaft	GL	1
Mosel	Bremm	Kirchberg	AL	1
Mosel	Bremm	Klostergarten	AL	1
Mosel	Bremm	Klosterkaul	AL	1
Mosel	Bremm	Laurentiusberg	EL	1
Mosel	Bremm	Rosenhang	GL	0
Mosel	Bremm	Schlemmer	AL	1
Mosel	Bremm	Schlemmertröpfchen	EL	1
Mosel	Bremm	Steinkaul	AL	1
Mosel	Bremm	Sterneberg	AL	0
Mosel	Bremm	Stubener Klostergarten	AL	1
Mosel	Bremm	Stubener Sternenberg	AL	1
Mosel	Bremm	Unserer Lieben Frauen Rosengärtlein	AL	1
Mosel	Bremm	Vogelsang	AL	1
Mosel	Briedel	Berg	AL	1
Mosel	Briedel	Herzchen	EL	1
Mosel	Briedel	Kelterhausberg	AL	1
Mosel	Briedel	Nonnengarten	EL	1
Mosel	Briedel	Schäferlay	EL	1
Mosel	Briedel	Schelm	EL	1
Mosel	Briedel	Tischlay	AL	1
Mosel	Briedel	Vom Heißen Stein	GL	0
Mosel	Briedel	Weißerberg	EL	1
Mosel	Briedern	Goldbäumchen	GL	0
Mosel	Briedern	Herrenberg	EL	0
Mosel	Briedern	Kapellenberg	EL	1
Mosel	Briedern	Römergarten	EL	1
Mosel	Briedern	Rosenhang	GL	1
Mosel	Briedern	Rüberberger Altarberg	AL	0
Mosel	Briedern	Rüberberger Domherrenberg	ELa	1
Mosel	Briedern	Servatiusberg	EL	1
Mosel	Brodenbach	Burgberg	AL	0
Mosel	Brodenbach	Ehrenthaler	AL	0
Mosel	Brodenbach	Hunnenstein	AL	1
Mosel	Brodenbach	Neuwingert	EL	1
Mosel	Brodenbach	Weinhex	GL	1
Mosel	Bruttig	Berg	AL	0
Mosel	Bruttig	Götterlay	EL	1
Mosel	Bruttig	Heiligenhäuschen	AL	0
Mosel	Bruttig	Kapellenberg	EL	1
Mosel	Bruttig	Kuckuck	AL	1
Mosel	Bruttig	Pfarrgarten	EL	1
Mosel	Bruttig	Rathausberg	EL	1
Mosel	Bruttig	Rosenhang	GL	1
Mosel	Bruttig	Steinkaul	AL	1
Mosel	Bruttig-Fankel	Goldbäumchen	GL	0
Mosel	Bruttig-Fankel	Götterlay	EL	0
Mosel	Bruttig-Fankel	Layenberg	ELx	1
Mosel	Bullay	Brautrock	EL	1
Mosel	Bullay	Graf Beissel-Herrenberg	EL	1
Mosel	Bullay	Grafschaft	GL	1
Mosel	Bullay	Karfunkelsberg	AL	1
Mosel	Bullay	Kirchgarten	AL	1
Mosel	Bullay	Kirchweingarten	EL	1
Mosel	Bullay	Kronenberg	EL	1
Mosel	Bullay	Merlenberg	AL	0
Mosel	Bullay	Reichertsberg	AL	1
Mosel	Bullay	Silbergraben	AL	1
Mosel	Bullay	Sonneck	EL	1
Mosel	Burg	Falkenberg	AL	1
Mosel	Burg	Falklay	EL	1
Mosel	Burg	Goldlay	AL	0
Mosel	Burg	Hahnenschrittchen	EL	1
Mosel	Burg	Kapellenberg	AL	1
Mosel	Burg	Klosterfeld	AL	1
Mosel	Burg	Kreuzgarten	AL	1
Mosel	Burg	Mittagslay	AL	1
Mosel	Burg	Pfarrgut	AL	0
Mosel	Burg	Rote Mauer	AL	1
Mosel	Burg	Schloßberg	EL	1
Mosel	Burg	Schwarzlay	GL	1
Mosel	Burg	Thomasberg	EL	1
Mosel	Burg	Wendelstück	EL	1
Mosel	Burgen	Bitsch	AL	1
Mosel	Burgen	Detschel	AL	0
Mosel	Burgen	Hasenläufer	EL	1
Mosel	Burgen	Hasenläufer-Rechpfad	AL	1
Mosel	Burgen	Kirchberg	EL	1
Mosel	Burgen	Klopplay	AL	1
Mosel	Burgen	Kurfürstlay	GL	0
Mosel	Burgen	Morgengut	AL	0
Mosel	Burgen	Niederberg	AL	0
Mosel	Burgen	Pastorenwingert	AL	1
Mosel	Burgen	Römerberg	EL	1
Mosel	Burgen	Bischofstein	EL	1
Mosel	Burgen	Bischofstein Burglay	AL	0
Mosel	Burgen	Weinhex	GL	0
Mosel	Cochem	Am Schloß	AL	0
Mosel	Cochem	Christenberg	AL	1
Mosel	Cochem	Endertberg	AL	1
Mosel	Cochem	Fahlsberg	AL	1
Mosel	Cochem	Flain	AL	0
Mosel	Cochem	Goldbäumchen	GL	1
Mosel	Cochem	Hahnenberg	AL	1
Mosel	Cochem	Herrenberg	EL	1
Mosel	Cochem	Hochlay	AL	1
Mosel	Cochem	Kern	AL	0
Mosel	Cochem	Klostergarten	EL	1
Mosel	Cochem	Krampen	AL	0
Mosel	Cochem	Langenberg	AL	1
Mosel	Cochem	Pinnerkreuzberg	EL	1
Mosel	Cochem	Planteger Sonnkaul	AL	0
Mosel	Cochem	Räuschelberg	AL	1
Mosel	Cochem	Rosenhang 	GL	1
Mosel	Cochem	Schloßberg	EL	1
Mosel	Cochem	Tiefentaler Bischofstuhl	AL	1
Mosel	Cochem	Tummelchen	AL	1
Mosel	Cochem	Winneburg	AL	0
Mosel	Cond	Arzlay	EL	1
Mosel	Cond	Hahnenberg	AL	1
Mosel	Cond	Hohlay	AL	0
Mosel	Cond	Nikolausberg	EL	1
Mosel	Cond	Rosenberg	EL	1
Mosel	Cond	Rosenberg-Pfirsichbäumchen	AL	0
Mosel	Cond	Rosenhang	GL	1
Mosel	Detzem	Karicht	AL	0
Mosel	Detzem	Königsberg	AL	1
Mosel	Detzem	Maximiner Klosterlay	EL	1
Mosel	Detzem	St. Michael	GL	1
Mosel	Detzem	Stolzenberg	AL	1
Mosel	Detzem	Würzgarten	EL	1
Mosel	Dhron	Burglay	AL	1
Mosel	Dhron	Grafenberg	AL	1
Mosel	Dhron	Großer Hengelberg	EL	1
Mosel	Dhron	Großer Hengelberg-Mittelstück	AL	1
Mosel	Dhron	Häs'chen	EL	1
Mosel	Dhron	Hengelberg	AL	1
Mosel	Dhron	Hengelberg-Lichteneck	AL	1
Mosel	Dhron	Hofberg	AL	1
Mosel	Dhron	Hofberger	EL	1
Mosel	Dhron	Kandel	AL	1
Mosel	Dhron	Leyenberg	AL	1
Mosel	Dhron	Maley	AL	0
Mosel	Dhron	Michelsberg	GL	0
Mosel	Dhron	Rosenberg	AL	1
Mosel	Dhron	Roterd	ELa	1
Mosel	Dhron	Roterd-Kirchenstück	AL	0
Mosel	Dhron	Roterd-Klaus	AL	0
Mosel	Dhron	Sängerei	AL	1
Mosel	Dieblich	Heilgraben	EL	1
Mosel	Dieblich	Weinhex	GL	0
Mosel	Dreis	Johannisberg	EL	1
Mosel	Dreis	Lay	AL	1
Mosel	Dreis	Schwarzlay	GL	0
Mosel	Ebernach	Bischofsstuhl	ELx	1
Mosel	Ebernach	Klostergarten	ELx	1
Mosel	Ebernach	Sonnenberg	ELx	1
Mosel	Ediger	Elzhofberg	EL	1
Mosel	Ediger	Elzogberg	AL	1
Mosel	Ediger	Feuerberg	ELa	1
Mosel	Ediger	Grafschaft	GL	1
Mosel	Ediger	Hasensprung	ELa	1
Mosel	Ediger	Hofberg	AL	1
Mosel	Ediger	Lehmerhofberg	AL	0
Mosel	Ediger	Osterlämmchen	EL	1
Mosel	Ediger	Pfaffenberg	EL	1
Mosel	Eitelsbach	Hofberg	AL	1
Mosel	Eitelsbach	Karthäuserhofberg	EL	1
Mosel	Eitelsbach	Karthäuserhofberg Burgberg	AL	1
Mosel	Eitelsbach	Karthäuserhofberg Kronenberg	AL	1
Mosel	Eitelsbach	Karthäuserhofberg Orthsberg	AL	0
Mosel	Eitelsbach	Karthäuserhofberg Sang	AL	1
Mosel	Eitelsbach	Karthäuserhofberg Stirn	AL	1
Mosel	Eitelsbach	Marienberg	AL	1
Mosel	Eitelsbach	Marienholz	EL	1
Mosel	Eitelsbach	Römerlay	GL	1
Mosel	Eitelsbach	Sonnenberg	AL	1
Mosel	Eitelsbach	Wäldchen	AL	0
Mosel	Ellenz	Altarberg	EL	1
Mosel	Ellenz	Domherrenberg	AL	1
Mosel	Ellenz	Goldbäumchen	GLa	1
Mosel	Ellenz	Kurfürst	EL	1
Mosel	Ellenz	Rüberberger Domherrenberg	EL	1
Mosel	Ellenz	Silberberg	EL	1
Mosel	Ellenz	Woogberg	EL	1
Mosel	Eller	Berg	AL	1
Mosel	Eller	Bienenlay	EL	1
Mosel	Eller	Calmont	EL	1
Mosel	Eller	Engelspinkel	AL	1
Mosel	Eller	Engelströpfchen	EL	1
Mosel	Eller	Goldberg	AL	1
Mosel	Eller	Grafschaft	GL	0
Mosel	Eller	Höll	EL	1
Mosel	Eller	Hurst	AL	1
Mosel	Eller	Kapplay	EL	1
Mosel	Eller	Pfirsichgarten	EL	1
Mosel	Eller	Rosenhang	GL	0
Mosel	Eller	Rotköpfchen	AL	0
Mosel	Eller	Schützenlay	EL	1
Mosel	Eller	Stubener Klostergarten	AL	0
Mosel	Eller	Stubener Klostersegen	EL	1
Mosel	Enkirch	Batterieberg	EL	1
Mosel	Enkirch	Edelberg	EL	1
Mosel	Enkirch	Ellergrub	EL	1
Mosel	Enkirch	Ellergrub-Klosterwingert	AL	1
Mosel	Enkirch	Gaispfad	AL	1
Mosel	Enkirch	Hahnes Kaul	AL	1
Mosel	Enkirch	Hanes Sonnseite	AL	1
Mosel	Enkirch	Herrenberg	EL	1
Mosel	Enkirch	Herrenberg-Burgkehr	AL	1
Mosel	Enkirch	Herrenberg-Lacherrech	AL	0
Mosel	Enkirch	Herrenberg-Leid	AL	0
Mosel	Enkirch	Herrenberg-Mannwingert	AL	1
Mosel	Enkirch	Herrenberg-Zeppwingert	AL	1
Mosel	Enkirch	Herrenwingert	AL	0
Mosel	Enkirch	Hinterberg	AL	1
Mosel	Enkirch	Klosterberg Häuschen	AL	0
Mosel	Enkirch	Monteneubel	EL	1
Mosel	Enkirch	Monteneubel-Leckmund	AL	0
Mosel	Enkirch	Schwarzlay	GL	0
Mosel	Enkirch	Steffensberg	EL	1
Mosel	Enkirch	Steffensberg Löwenbaum	AL	1
Mosel	Enkirch	Steffensberg-Eschewingert	AL	1
Mosel	Enkirch	Steffensberg-Güldengrub	AL	1
Mosel	Enkirch	Stephansberg	AL	1
Mosel	Enkirch	Trarbacherweg	AL	0
Mosel	Enkirch	Ungsberg	AL	0
Mosel	Enkirch	Unterburg	AL	0
Mosel	Enkirch	Unterburger Herrenwingert	AL	0
Mosel	Enkirch	Weinkammer	EL	1
Mosel	Enkirch	Zeppwingert	EL	1
Mosel	Ensch	Herrenberg	AL	1
Mosel	Ensch	Mühlenberg	EL	1
Mosel	Ensch	Sonnenlay	EL	1
Mosel	Ensch	St. Martin	EL	1
Mosel	Ensch	St. Michael	GL	1
Mosel	Erden	Berg	AL	0
Mosel	Erden	Bußlay	EL	1
Mosel	Erden	Bußlay-Treppchen	AL	0
Mosel	Erden	Hahnberg	AL	0
Mosel	Erden	Herrenberg	EL	1
Mosel	Erden	Herzlay	AL	0
Mosel	Erden	Himmelreich	AL	1
Mosel	Erden	Hödlay	AL	1
Mosel	Erden	Kammer	AL	0
Mosel	Erden	Kaufmannsberg	AL	1
Mosel	Erden	Kribslay	AL	0
Mosel	Erden	Martinslay	AL	0
Mosel	Erden	Prälat	EL	1
Mosel	Erden	Schöneberg	AL	1
Mosel	Erden	Schwarzlay	GL	1
Mosel	Erden	Treppchen	EL	1
Mosel	Erden	Treppchen-Bußlay	AL	0
Mosel	Ernst	Feuerberg	EL	1
Mosel	Ernst	Goldbäumchen	GL	1
Mosel	Ernst	Kirchlay	EL	1
Mosel	Ernst	Mark	AL	0
Mosel	Falkenstein	Herrenborn	AL	1
Mosel	Falkenstein	Hofberg	EL	1
Mosel	Falkenstein	Kreuzberg	AL	1
Mosel	Falkenstein	Scharzberg	GL	0
Mosel	Fankel	Höllenkaul	AL	1
Mosel	Fankel	Kapellenberg	EL	1
Mosel	Fankel	Layenberg	EL	1
Mosel	Fankel	Martinsborn	EL	1
Mosel	Fankel	Rosenberg	EL	1
Mosel	Fankel	Rosenhang	GL	1
Mosel	Fastrau	Graue Kupp	AL	1
Mosel	Fastrau	Rötschen	AL	1
Mosel	Fastrau	Sonnenberg	AL	1
Mosel	Fell	(Im) Burgberg	AL	1
Mosel	Fell	Akt	AL	0
Mosel	Fell	Burglay	AL	0
Mosel	Fell	Karlskopf	AL	1
Mosel	Fell	Maximiner Burgberg	EL	1
Mosel	Fell	Probstberg	GL	1
Mosel	Fell	Römerberg	AL	1
Mosel	Fellerich	Gipfel	GL	0
Mosel	Fellerich	Schleidberg	EL	1
Mosel	Filsch	Leikaul	EL	0
Mosel	Filsch	Römerlay	GL	0
Mosel	Filzen	Eichbäumchen	AL	0
Mosel	Filzen	Hasensprung	AL	0
Mosel	Filzen	Herrenberg	EL	1
Mosel	Filzen	Im Schiefer	AL	1
Mosel	Filzen	In den Steinen	AL	0
Mosel	Filzen	Karlsberg	AL	1
Mosel	Filzen	Kleberberg	AL	1
Mosel	Filzen	Klostergarten	AL	1
Mosel	Filzen	Nonnenberg	AL	0
Mosel	Filzen	Pulchen	EL	1
Mosel	Filzen	Scharzberg	GL	0
Mosel	Filzen	Sonnblick	AL	1
Mosel	Filzen	Steinberger	EL	1
Mosel	Filzen	Unterberg	EL	1
Mosel	Filzen	Urbelt	EL	1
Mosel	Flussbach	Reichelberg	EL	0
Mosel	Flussbach	Schwarzlay	GL	0
Mosel	Franzenheim	Johannisberg	EL	0
Mosel	Franzenheim	Römerlay	GL	0
Mosel	Gondorf	Fuchshöhle	EL	1
Mosel	Gondorf	Gäns	EL	1
Mosel	Gondorf	Görgenberg	AL	0
Mosel	Gondorf	Kehrberg	EL	1
Mosel	Gondorf	Oberer Spitalsberg	AL	1
Mosel	Gondorf	Schloßberg	EL	1
Mosel	Gondorf	Weinhex	GL	0
Mosel	Graach	Abtei	AL	0
Mosel	Graach	Abtsberg	EL	1
Mosel	Graach	Bistum	AL	1
Mosel	Graach	Domprobst	EL	1
Mosel	Graach	Domprobst-Himmelreich	AL	0
Mosel	Graach	Ehrkatz	AL	0
Mosel	Graach	Göhr	AL	1
Mosel	Graach	Goldtröpfchen	AL	0
Mosel	Graach	Goldwingert	AL	1
Mosel	Graach	Himmelreich	EL	1
Mosel	Graach	Himmelreich im Himmelreich	AL	0
Mosel	Graach	Homberg	AL	1
Mosel	Graach	Humberg	AL	1
Mosel	Graach	Josephshöfer	EL	1
Mosel	Graach	Kirchberg	AL	1
Mosel	Graach	Kirchlay	AL	1
Mosel	Graach	Lilienpfad	AL	1
Mosel	Graach	Mönch	AL	1
Mosel	Graach	Münzlay	AL	1
Mosel	Graach	Münzlay	GL	1
Mosel	Graach	Rosenberg	AL	1
Mosel	Graach	Stablay	AL	1
Mosel	Güls	Bienengarten	EL	1
Mosel	Güls	Heyerberg	AL	1
Mosel	Güls	Im Röttgen	AL	1
Mosel	Güls	Königsfels	EL	1
Mosel	Güls	Marienberg	EL	1
Mosel	Güls	Weinhex	GL	0
Mosel	Hamm	Liebfrauenberg	ELx	0
Mosel	Hamm	Scharzberg	GLx	0
Mosel	Hatzenport	Bischofstein	AL	0
Mosel	Hatzenport	Burg Bischofstein	EL	1
Mosel	Hatzenport	Kirchberg	EL	1
Mosel	Hatzenport	Kreuzlay	AL	1
Mosel	Hatzenport	Kreuzlay-Bann	AL	1
Mosel	Hatzenport	Rothenberg	AL	1
Mosel	Hatzenport	Stolzenberg	EL	1
Mosel	Hatzenport	Stolzenberg-Geisinger	AL	1
Mosel	Hatzenport	Tafelgut	AL	1
Mosel	Hatzenport	Weinhex	GL	1
Mosel	Helfant	Gipfel	GL	0
Mosel	Helfant	Kapellenberg	EL	1
Mosel	Helfant	Pfädchen	AL	1
Mosel	Hetzerath	Brauneberg	AL	1
Mosel	Hupperath	Brauneberg	AL	0
Mosel	Hupperath	Haselpfädchen	AL	1
Mosel	Hupperath	Klosterweg	EL	0
Mosel	Hupperath	Schwarzlay	GL	0
Mosel	Igel	Dullgärten	EL	1
Mosel	Igel	Königsberg	GL	1
Mosel	Irsch	Hofberg	AL	0
Mosel	Irsch	Hubertusberg Sonnenhang	AL	1
Mosel	Irsch	Scharzberg	GL	0
Mosel	Irsch	Sonnenberg	EL	1
Mosel	Irsch	Römerlay	GLx	0
Mosel	Irsch	St. Martiner Hofberg	ELx	0
Mosel	Irsch	St. Martiner Klosterberg	ELx	0
Mosel	Kaimt	Marienburger	EL	1
Mosel	Kaimt	Römerquelle	EL	1
Mosel	Kaimt	Rosenborn	EL	1
Mosel	Kaimt	Schwarze Katz	GL	0
Mosel	Kanzem	Altenberg	EL	1
Mosel	Kanzem	Auf dem Berg	AL	0
Mosel	Kanzem	Berg	AL	1
Mosel	Kanzem	Geisberg	AL	1
Mosel	Kanzem	Herrenberg	AL	0
Mosel	Kanzem	Hörecker	EL	1
Mosel	Kanzem	Kelterberg	AL	1
Mosel	Kanzem	Neuberg	AL	0
Mosel	Kanzem	Scharzberg	GL	1
Mosel	Kanzem	Schloßberg	EL	1
Mosel	Kanzem	Sonnenberg	EL	1
Mosel	Kanzem	Unterberg	AL	1
Mosel	Kanzem	Wolfsberg	AL	1
Mosel	Karden	Dechantsberg	EL	1
Mosel	Karden	Domberg	AL	1
Mosel	Karden	Goldbäumchen	GL	0
Mosel	Karden	Juffermauer	EL	1
Mosel	Karden	Kreuzberg	AL	0
Mosel	Karden	Münsterberg	EL	1
Mosel	Karden	Rosenberg	AL	1
Mosel	Karden	Stiftsherrenberg	AL	1
Mosel	Karthaus	Brauneberg	AL	1
Mosel	Kasel	Berg	AL	1
Mosel	Kasel	Blankenberg St. Katharinen	AL	1
Mosel	Kasel	Blindenberg	AL	1
Mosel	Kasel	Dominikanerberg	EL	1
Mosel	Kasel	Herrenberg	EL	1
Mosel	Kasel	Hitzlay	EL	1
Mosel	Kasel	Höcht	AL	1
Mosel	Kasel	Käulchen	AL	1
Mosel	Kasel	Kehrnagel	EL	1
Mosel	Kasel	Kohlenberg	AL	0
Mosel	Kasel	Lorenzberg	AL	1
Mosel	Kasel	Nies'chen	EL	1
Mosel	Kasel	Paulinsberg	EL	1
Mosel	Kasel	Pichter	AL	1
Mosel	Kasel	Römerlay	GL	1
Mosel	Kasel	Saemer	AL	1
Mosel	Kasel	Steiniger	AL	1
Mosel	Kasel	Taubenberg	AL	1
Mosel	Kasel	Timpert	EL	1
Mosel	Kasel	Timpert Templer	AL	0
Mosel	Kasel	Timpert Templerherrenberg	AL	1
Mosel	Kasel	Wäldchen	AL	0
Mosel	Kasel	Walterberg	AL	1
Mosel	Kastel-Staadt	König Johann Berg	EL	0
Mosel	Kastel-Staadt	Maximin Staadter Klause	AL	0
Mosel	Kastel-Staadt	Maximiner Prälat	EL	1
Mosel	Kastel-Staadt	Scharzberg	GL	0
Mosel	Kattenes	Fahrberg	EL	1
Mosel	Kattenes	Steinchen	EL	1
Mosel	Kattenes	Weinhex	GL	0
Mosel	Kenn	Held	EL	1
Mosel	Kenn	Maximiner Hofgarten	EL	1
Mosel	Kenn	Probstberg	GL	0
Mosel	Kernscheid	Römerlay	GLx	0
Mosel	Kernscheid	St. Petrusberg	ELx	0
Mosel	Kesten	Berg	AL	0
Mosel	Kesten	Heiligpfad	AL	1
Mosel	Kesten	Herrenberg	EL	1
Mosel	Kesten	Kurfürstlay	GL	0
Mosel	Kesten	Lay	AL	0
Mosel	Kesten	Niederberg	AL	1
Mosel	Kesten	Paulinsberg	EL	1
Mosel	Kesten	Paulinshofberger	EL	1
Mosel	Kesten	Paulinshofberger Südhang	AL	0
Mosel	Kesten	Paulinshofberger unter dem Felsen	AL	0
Mosel	Kinheim	Eulenlay	AL	1
Mosel	Kinheim	Hubertushofberg	AL	1
Mosel	Kinheim	Hubertuslay	EL	1
Mosel	Kinheim	Löwenberg	AL	1
Mosel	Kinheim	Petersberg	AL	0
Mosel	Kinheim	Petrusberg	AL	1
Mosel	Kinheim	Römerhang	EL	1
Mosel	Kinheim	Rosenberg	EL	1
Mosel	Kinheim	Schwarzlay	GL	0
Mosel	Kirf	Gipfel	GL	1
Mosel	Klotten	Brauneberg	EL	1
Mosel	Klotten	Burg Coreidelsteiner	EL	1
Mosel	Klotten	Burgberg	AL	1
Mosel	Klotten	Goldbäumchen	GL	0
Mosel	Klotten	Hohnerberg	AL	1
Mosel	Klotten	Kapellenberg	AL	0
Mosel	Klotten	Pfahlberg	AL	0
Mosel	Klotten	Rosenberg	EL	1
Mosel	Klotten	Sonnenberg	AL	0
Mosel	Klotten	Sonnengold	EL	1
Mosel	Klotten	Wirges	AL	0
Mosel	Klüsserath	Bruderschaft	EL	1
Mosel	Klüsserath	Füllkopf	AL	0
Mosel	Klüsserath	Karnicht	AL	0
Mosel	Klüsserath	Kästchen	AL	0
Mosel	Klüsserath	Königsberg	AL	1
Mosel	Klüsserath	St. Michael	GL	1
Mosel	Klüsserath	St. Michel	AL	1
Mosel	Klüsserath	Unter St. Michel	AL	1
Mosel	Kobern	Fahrberg	EL	1
Mosel	Kobern	Johannisberg	AL	1
Mosel	Kobern	Rosenberg	AL	1
Mosel	Kobern	Schloßberg	EL	1
Mosel	Kobern	Uhlen	EL	1
Mosel	Kobern	Weinhex	GL	0
Mosel	Kobern	Weissenberg	EL	1
Mosel	Kommlingen	Auf der Wiltinger Kupp	ELx	0
Mosel	Kommlingen	Kelterberg	AL	0
Mosel	Kommlingen	Rosengarten	AL	0
Mosel	Kommlingen	Scharzberg	GLx	0
Mosel	Könen	Fels	EL	1
Mosel	Könen	Kirchberg	EL	1
Mosel	Könen	Rippchen	AL	0
Mosel	Könen	Scharzberg	GL	0
Mosel	Konz	Auf der Wiltinger Kupp	EL	1
Mosel	Konz	Brauneberg	AL	1
Mosel	Konz	Breitenberg	AL	0
Mosel	Konz	Euchariusberg	EL	1
Mosel	Konz	Geisberg	AL	1
Mosel	Konz	Geisberg Peterswingert	AL	0
Mosel	Konz	Johannisberg	AL	1
Mosel	Konz	Karthäuser Klosterberg	EL	1
Mosel	Konz	Karthäuser Kreuzberg	AL	1
Mosel	Konz	Scharzberg	GL	0
Mosel	Konz	Sprung	AL	1
Mosel	Korlingen	Laykaul	EL	1
Mosel	Korlingen	Römerlay	GL	1
Mosel	Kövenig	Burgberg	EL	1
Mosel	Kövenig	Burglay	EL	1
Mosel	Kövenig	Nacktarsch	GL	0
Mosel	Köwerich	Held	EL	1
Mosel	Köwerich	Klausenwingert	AL	0
Mosel	Köwerich	Laurentiuslay	EL	1
Mosel	Köwerich	Lay	AL	0
Mosel	Köwerich	St. Michael	GL	0
Mosel	Köwerich	Unterlay	AL	1
Mosel	Krettnach	Altenberg	EL	1
Mosel	Krettnach	Berg	AL	1
Mosel	Krettnach	Euchariusberg	EL	1
Mosel	Krettnach	Johannisberg	AL	1
Mosel	Krettnach	Scharzberg	GL	0
Mosel	Krettnach	Silberberg	AL	1
Mosel	Kreuzweiler	Gipfel	GL	1
Mosel	Kreuzweiler	Schloß Thorner Kupp	EL	1
Mosel	Kröv	Bockskopf-H.	AL	0
Mosel	Kröv	Engelberg	AL	1
Mosel	Kröv	Falkenberg	AL	0
Mosel	Kröv	Herrenberg	EL	1
Mosel	Kröv	Hutlay	AL	1
Mosel	Kröv	Kirchlay	EL	1
Mosel	Kröv	Klosterberg	AL	1
Mosel	Kröv	Letterlay	EL	1
Mosel	Kröv	Nacktarsch	GLa	1
Mosel	Kröv	Nacktarsch-Burgberg	AL	1
Mosel	Kröv	Niederberg	AL	1
Mosel	Kröv	Niederberg-Tarif	AL	1
Mosel	Kröv	Paradies	EL	1
Mosel	Kröv	Steffensberg	EL	1
Mosel	Kues	Herrenberg Pfarrgut	AL	1
Mosel	Kues	Königsstuhl	AL	1
Mosel	Kues	Weissenstein	AL	1
Mosel	Kürenz	Domherrenberg	EL	0
Mosel	Kürenz	Domherrenberger Helenenbrunnen	AL	1
Mosel	Kürenz	Römerlay	EL	0
Mosel	Langsur	Bruderberg	EL	1
Mosel	Langsur	Kleiberg	AL	0
Mosel	Langsur	Königsberg	GL	0
Mosel	Lay	Hamm	EL	1
Mosel	Lay	Hubertusborn	EL	1
Mosel	Lay	Kützenberg	AL	0
Mosel	Lay	Weinhex	GL	0
Mosel	Lehmen	Ausoniusstein	EL	1
Mosel	Lehmen	Haupt	AL	1
Mosel	Lehmen	Klosterberg	EL	1
Mosel	Lehmen	Lay	EL	1
Mosel	Lehmen	Weinhex	GL	0
Mosel	Lehmen	Wolfsgrübchen	AL	1
Mosel	Lehmen	Würzlay	EL	1
Mosel	Leiwen	Bubental	AL	1
Mosel	Leiwen	Klostergarten	EL	1
Mosel	Leiwen	Laurentiuslay	EL	1
Mosel	Leiwen	Ohligsberg	AL	0
Mosel	Leiwen	Sonnental	AL	1
Mosel	Leiwen	St. Michael	GL	1
Mosel	Leiwen	Stordel	AL	0
Mosel	Liersberg	Königsberg	GL	0
Mosel	Liersberg	Pilgerberg	EL	1
Mosel	Lieser	Beerenlay	GLx	1
Mosel	Lieser	Hüttlay	AL	1
Mosel	Lieser	Kirchberg	AL	1
Mosel	Lieser	Kurfürstlay	GL	0
Mosel	Lieser	Niederberg	AL	1
Mosel	Lieser	Niederberg - Schlimmen Weg	AL	1
Mosel	Lieser	Niederberg-Bärlay	AL	0
Mosel	Lieser	Niederberg-Helden	EL	1
Mosel	Lieser	Niederberg-Hüttlay	AL	1
Mosel	Lieser	Niederberg-Iris	AL	0
Mosel	Lieser	Niederberg-Kreuz	AL	1
Mosel	Lieser	Niederberg-Petersberg	AL	0
Mosel	Lieser	Niederberg-Pichter	AL	0
Mosel	Lieser	Niederberg-Süssenberg	AL	1
Mosel	Lieser	Niederberg-Töller	AL	0
Mosel	Lieser	Paulsberg	AL	1
Mosel	Lieser	Paulsberg-Vogelrutsch	AL	1
Mosel	Lieser	Rosenlay	EL	1
Mosel	Lieser	Schloßberg	EL	1
Mosel	Lieser	Schloßberg-Hüttay	AL	1
Mosel	Lieser	Schloßberg-Lay	AL	1
Mosel	Lieser	Schloßberg-Rosenberg	AL	1
Mosel	Lieser	Süßenberg	EL	1
Mosel	Löf	Goldblume	EL	1
Mosel	Löf	Sonnenring	EL	1
Mosel	Löf	Weinhex	GL	0
Mosel	Longuich	Herrenberg	EL	1
Mosel	Longuich	Hirschlay	EL	1
Mosel	Longuich	Kirschberg	AL	1
Mosel	Longuich	Maximiner Herrenberg	EL	1
Mosel	Longuich	Probstberg	GLa	1
Mosel	Longuich	Vogelsberg	AL	0
Mosel	Lörsch	Altenberg	AL	1
Mosel	Lörsch	Arschbacken	AL	1
Mosel	Lörsch	Nonnengarten	AL	1
Mosel	Lörsch	Schielkopf	AL	1
Mosel	Lörsch	Schildkopf	AL	0
Mosel	Lösnich	Burgberg	EL	1
Mosel	Lösnich	Försterlay	EL	1
Mosel	Lösnich	Schwarzlay	GL	0
Mosel	Maring	Honigsack	AL	1
Mosel	Maring	Klosterberg	ELx	1
Mosel	Maring	Schwarzlay	AL	1
Mosel	Maring	Sonnenuhr	ELs	1
Mosel	Maring-Noviand	Honigberg	EL	1
Mosel	Maring-Noviand	Kirchberg	ELx	1
Mosel	Maring-Noviand	Klosterberg	EL	1
Mosel	Maring-Noviand	Kurfürstlay	GL	0
Mosel	Maring-Noviand	Lambertuslay	EL	1
Mosel	Maring-Noviand	Römerpfad	EL	1
Mosel	Maring-Noviand	Rosenberg	AL	1
Mosel	Maring-Noviand	Sonnenuhr	EL	1
Mosel	Maximin Grünhaus	Blumengarten	AL	1
Mosel	Maximin Grünhaus	Viertelsberg	AL	1
Mosel	Mehring	Blattenberg	EL	1
Mosel	Mehring	Eltz	AL	1
Mosel	Mehring	Goldkupp	EL	1
Mosel	Mehring	Heidenkupp	AL	1
Mosel	Mehring	Huxlay	AL	1
Mosel	Mehring	Laigut	AL	0
Mosel	Mehring	Lay	AL	1
Mosel	Mehring	Layet	AL	1
Mosel	Mehring	Lei	AL	0
Mosel	Mehring	Ley	AL	0
Mosel	Mehring	Probstberg	GLx	1
Mosel	Mehring	Sonnenberg	AL	0
Mosel	Mehring	St. Michael	GL	1
Mosel	Mehring	Treppchen	AL	1
Mosel	Mehring	Zellerberg	EL	1
Mosel	Merl	Adler	EL	1
Mosel	Merl	Fettgarten	EL	1
Mosel	Merl	Hofberg	AL	0
Mosel	Merl	Hölle	AL	1
Mosel	Merl	Jung-Gretel	AL	1
Mosel	Merl	Klosterberg	EL	1
Mosel	Merl	Klosterlay	AL	0
Mosel	Merl	Königsberg	AL	1
Mosel	Merl	Königslay	AL	1
Mosel	Merl	Königslay-Terrassen	EL	1
Mosel	Merl	Nosberg	AL	1
Mosel	Merl	Nußberg	AL	0
Mosel	Merl	Pfarrkirch	AL	1
Mosel	Merl	Schwarze Katz	GL	0
Mosel	Merl	Sonneck	EL	1
Mosel	Merl	Stephansberg	ELa	1
Mosel	Mertesdorf	Herrenberg	EL	1
Mosel	Mertesdorf	Johannisberg	EL	1
Mosel	Mertesdorf	Lorenzberg	AL	1
Mosel	Mertesdorf	Römerlay	GL	0
Mosel	Mertesdorf	Treppchen	AL	1
Mosel	Mertesdorf, Lorenzhof	Felslay	EL	1
Mosel	Mertesdorf, Lorenzhof	Lorenzhöfer Treppchen	AL	0
Mosel	Mertesdorf, Lorenzhof	Mäuerchen	EL	1
Mosel	Mertesdorf, Lorenzhof	Römerlay	GL	0
Mosel	Mertesdorf, Max. Grünhaus	Abtsberg	EL	1
Mosel	Mertesdorf, Max. Grünhaus	Bruderberg	EL	1
Mosel	Mertesdorf, Max. Grünhaus	Herrenberg	EL	1
Mosel	Mertesdorf, Max. Grünhaus	Römerlay	GL	0
Mosel	Mesenich	Abteiberg	EL	1
Mosel	Mesenich	Berg	AL	1
Mosel	Mesenich	Bienengarten	AL	1
Mosel	Mesenich	Deißberg	AL	1
Mosel	Mesenich	Deuslay	EL	1
Mosel	Mesenich	Goldgrübchen	EL	1
Mosel	Mesenich	Kleinberg	AL	1
Mosel	Mesenich	Königsberg	EL	1
Mosel	Mesenich	Rosenberg	AL	1
Mosel	Mesenich	Rosenhang	GL	0
Mosel	Mesenich	Held	EL	0
Mosel	Mesenich	Königsberg	GL	1
Mosel	Metternich	Herrenberg	AL	1
Mosel	Metternich	Marienberg	EL	1
Mosel	Metternich	Weinhex	GL	0
Mosel	Minheim	Burglay	EL	1
Mosel	Minheim	Günterslay	EL	1
Mosel	Minheim	Kapellchen	EL	1
Mosel	Minheim	Michelsberg	GL	0
Mosel	Minheim	Rosenberg	EL	1
Mosel	Minheim	Taubenhäuser	AL	0
Mosel	Monzel	Kätzchen	EL	1
Mosel	Monzel	Kurfürstlay	GL	0
Mosel	Monzel	Paulinsberg	AL	0
Mosel	Monzel	Paulinslay	EL	1
Mosel	Morscheid	Dominikanerberg	EL	0
Mosel	Morscheid	Römerlay	GL	0
Mosel	Morscheid	Schloß Marienlayer Bildstock	AL	1
Mosel	Morscheid	Schloß Marienlayer Walzlay	AL	1
Mosel	Moselkern	Brader	AL	0
Mosel	Moselkern	Furt	AL	1
Mosel	Moselkern	Goldbäumchen	GL	1
Mosel	Moselkern	Kirchberg	EL	1
Mosel	Moselkern	Raitsch	AL	1
Mosel	Moselkern	Ratein	AL	1
Mosel	Moselkern	Rateiner Steinbruch	AL	1
Mosel	Moselkern	Rosenberg	EL	1
Mosel	Moselkern	Übereltzer	EL	1
Mosel	Moselkern	Übereltzer-Ratein	AL	0
Mosel	Moselweiß	Hamm	EL	1
Mosel	Moselweiß	Weinhex	GL	0
Mosel	Müden	Castorhöhle	AL	1
Mosel	Müden	Flachlay	AL	0
Mosel	Müden	Funkenberg	EL	1
Mosel	Müden	Goldbäumchen	GL	1
Mosel	Müden	Großlay	EL	1
Mosel	Müden	Leckmauer	EL	1
Mosel	Müden	Mannwerk	AL	0
Mosel	Müden	Rosenberg	AL	0
Mosel	Müden	Sonnenring	EL	1
Mosel	Müden	St. Castorhöhle	EL	1
Mosel	Mülheim	Amtgarten	EL	1
Mosel	Mülheim	Berg	AL	0
Mosel	Mülheim	Bitsch	AL	0
Mosel	Mülheim	Elisenberg	EL	1
Mosel	Mülheim	Elisenberger Steinberg	AL	0
Mosel	Mülheim	Helenenkloster	EL	1
Mosel	Mülheim	Johannisberg	AL	1
Mosel	Mülheim	Kurfürstlay	GL	0
Mosel	Mülheim	Leyenkaul	AL	1
Mosel	Mülheim	Sonnenberg-Bitsch	AL	0
Mosel	Mülheim	Sonnenlay	EL	1
Mosel	Mülheim	Sonnenlay-Held	AL	1
Mosel	Neef	Frauenberg	EL	1
Mosel	Neef	Grafschaft	GL	1
Mosel	Neef	Mühlenberg	AL	1
Mosel	Neef	Petersberg	EL	1
Mosel	Neef	Rosenberg	EL	1
Mosel	Neef	Sauend	AL	0
Mosel	Nehren	Grafschaft	GL	1
Mosel	Nehren	Römerberg	EL	1
Mosel	Nehren	Römerkeller	AL	1
Mosel	Nennig	Römerberg	EL	1
Mosel	Nennig	Schloß Bübinger	GL	0
Mosel	Nennig	Schloßberg	EL	1
Mosel	Neumagen	Bock	AL	0
Mosel	Neumagen	Engelgrube	EL	1
Mosel	Neumagen	Held	AL	1
Mosel	Neumagen	Hengelberg	AL	1
Mosel	Neumagen	Katerloch	AL	0
Mosel	Neumagen	Laienberg	AL	0
Mosel	Neumagen	Landmannsberg	AL	0
Mosel	Neumagen	Laudamusberg	EL	1
Mosel	Neumagen	Leienberg	AL	0
Mosel	Neumagen	Leienberg Schlucht	AL	1
Mosel	Neumagen	Martyrbach	AL	0
Mosel	Neumagen	Michelsberg	GL	0
Mosel	Neumagen	Nußwingert	EL	1
Mosel	Neumagen	Paradies	AL	1
Mosel	Neumagen	Pichter	AL	0
Mosel	Neumagen	Rosengärtchen	EL	1
Mosel	Neumagen	Sonnenuhr	EL	1
Mosel	Neumagen	Treppchen	AL	1
Mosel	Niederemmel	Freudenburg	AL	1
Mosel	Niederemmel	Gärtchen	EL	0
Mosel	Niederemmel	Kreuzwingert	EL	0
Mosel	Niederemmel	Michelsberg	GL	0
Mosel	Niederfell	Fächern	EL	1
Mosel	Niederfell	Goldlay	EL	1
Mosel	Niederfell	Kahllay	EL	1
Mosel	Niederfell	Rotmauer	AL	0
Mosel	Niederfell	Weinhex	GL	1
Mosel	Niederleuken	Fuchs	AL	1
Mosel	Niederleuken	Kupp	AL	1
Mosel	Niederleuken	Stirn	AL	1
Mosel	Niedermennig	Euchariusberg	EL	1
Mosel	Niedermennig	Herrenberg	EL	1
Mosel	Niedermennig	Klosterberg	AL	1
Mosel	Niedermennig	Scharzberg	GL	0
Mosel	Niedermennig	Sonnenberg	EL	1
Mosel	Niedermennig	Zuckerberg	AL	1
Mosel	Nittel	Berg	AL	0
Mosel	Nittel	Blümchen	EL	1
Mosel	Nittel	Geisberg	AL	1
Mosel	Nittel	Gipfel	GLa	1
Mosel	Nittel	Grubenberg	AL	1
Mosel	Nittel	Hubertusberg	EL	0
Mosel	Nittel	Kapellchen	AL	0
Mosel	Nittel	Kleinberg	AL	1
Mosel	Nittel	Leiterchen	EL	1
Mosel	Nittel	Oberberg-Blümchen	AL	1
Mosel	Nittel	Rochusfels	EL	1
Mosel	Nittel	Spiesberg	AL	1
Mosel	Nittel	Stolzenwingert	AL	1
Mosel	Oberbillig	Gipfel	GL	0
Mosel	Oberbillig	Hirtengarten	EL	1
Mosel	Oberbillig	Römerberg	EL	1
Mosel	Oberemmel	Abteihof	AL	1
Mosel	Oberemmel	Agritiusberg	EL	1
Mosel	Oberemmel	Altenberg	EL	1
Mosel	Oberemmel	Brixiusberg	AL	1
Mosel	Oberemmel	Falmet	AL	0
Mosel	Oberemmel	Herrenberg	AL	0
Mosel	Oberemmel	Hütte	EL	1
Mosel	Oberemmel	Junkersberg	AL	0
Mosel	Oberemmel	Karlsberg	EL	1
Mosel	Oberemmel	Raul	EL	1
Mosel	Oberemmel	Rosenberg	EL	1
Mosel	Oberemmel	Scharzberg	GLa	1
Mosel	Oberemmel	Scharzhof	AL	1
Mosel	Oberemmel	Schock	AL	0
Mosel	Oberemmel	Schockberg	AL	0
Mosel	Oberfell	(In der) Olk	AL	1
Mosel	Oberfell	Brauneberg	EL	1
Mosel	Oberfell	Goldlay	EL	1
Mosel	Oberfell	Hochmauer	AL	0
Mosel	Oberfell	Rosenberg	EL	1
Mosel	Oberfell	Weinhex	GL	0
Mosel	Ockfen	Bockstein	EL	1
Mosel	Ockfen	Bockstein Neuwies	AL	0
Mosel	Ockfen	Bockstein Zickelgarten	AL	1
Mosel	Ockfen	Geisberg	EL	1
Mosel	Ockfen	Heppenstein	AL	1
Mosel	Ockfen	Herrenberg	AL	1
Mosel	Ockfen	Herrenberg-Kupp	AL	1
Mosel	Ockfen	Kupp	ELx	1
Mosel	Ockfen	Neuwies	AL	1
Mosel	Ockfen	Oberherrenberg	AL	1
Mosel	Ockfen	Scharzberg	GL	1
Mosel	Ockfen	Zickelgarten	ELx	1
Mosel	Olewig	(In der) Rahn	AL	1
Mosel	Olewig	Geisberg	AL	1
Mosel	Olewig	Geisberg Kupp	AL	1
Mosel	Olewig	Juffer	AL	1
Mosel	Olewig	Retzgrube	AL	1
Mosel	Olewig	Thiergarten Dreispitz	AL	0
Mosel	Olewig	Thiergarten-Hofberg	AL	0
Mosel	Olewig	Thiergärtner Auf'm Köpfchen	AL	1
Mosel	Olewig	Thiergärtner Hauptberg	AL	0
Mosel	Olewig	Vollmühle	AL	1
Mosel	Olkenbach	Herzlay	EL	0
Mosel	Olkenbach	Hubertuslay	EL	1
Mosel	Olkenbach	Niederberg	AL	1
Mosel	Olkenbach	Schwarzlay	GL	0
Mosel	Onsdorf	Gipfel	GL	0
Mosel	Onsdorf	Hubertusberg	EL	0
Mosel	Osann	Hofberg	AL	0
Mosel	Osann	Kirchlay	EL	1
Mosel	Osann	Kurfürstlay	GL	0
Mosel	Osann	Rosenberg	EL	1
Mosel	Ottbergen	Kaisergarten	AL	1
Mosel	Palzem	Carlsfelsen	EL	1
Mosel	Palzem	Gipfel	GL	0
Mosel	Palzem	Lay	EL	1
Mosel	Pellingen	Herrgottsrock	EL	1
Mosel	Pellingen	Jesuitengarten	EL	1
Mosel	Pellingen	Jesuitenhofberg	AL	0
Mosel	Pellingen	Scharzberg	GL	0
Mosel	Perl	Hasenberg	EL	1
Mosel	Perl	Kräuterwingert	AL	1
Mosel	Perl	Schloß Bübinger	GL	1
Mosel	Perl	St. Quirinusberg	EL	1
Mosel	Piesport	Berg	AL	1
Mosel	Piesport	Domherr	EL	1
Mosel	Piesport	Dompichter	AL	1
Mosel	Piesport	Falkenberg	EL	1
Mosel	Piesport	Gärtchen	EL	1
Mosel	Piesport	Goldtröpfchen	EL	1
Mosel	Piesport	Goldtröpfchen-Lay	AL	0
Mosel	Piesport	Goldtröpfchen-Treppchen	AL	1
Mosel	Piesport	Grafenberg	ELa	1
Mosel	Piesport	Günterslay	EL	1
Mosel	Piesport	Hohlweid	AL	1
Mosel	Piesport	Kirchenpfad	AL	0
Mosel	Piesport	Klosterkrone	AL	0
Mosel	Piesport	Kreuzwingert	EL	1
Mosel	Piesport	Lay	AL	1
Mosel	Piesport	Lay	AL	1
Mosel	Piesport	Michelsberg	GLa	1
Mosel	Piesport	Pichter	AL	1
Mosel	Piesport	Pichter-Treppchen	AL	1
Mosel	Piesport	Schubertslay	EL	1
Mosel	Piesport	Schubertslay im Goldtröpfchen	AL	1
Mosel	Piesport	Standel	AL	1
Mosel	Piesport	Taubengarten	AL	1
Mosel	Piesport	Treppchen	EL	1
Mosel	Piesport	vor dem Berg	AL	1
Mosel	Piesport	Wehr/Weer	AL	0
Mosel	Platten	Grube	AL	1
Mosel	Platten	Klosterberg	EL	1
Mosel	Platten	Neuberg	AL	1
Mosel	Platten	Rotlay	EL	1
Mosel	Platten	Schwarzlay	GL	0
Mosel	Pölich	Held	EL	1
Mosel	Pölich	St. Michael	GL	0
Mosel	Pölich	Südlay	ELx	1
Mosel	Poltersdorf	Altarberg	EL	1
Mosel	Poltersdorf	Goldbäumchen	GL	0
Mosel	Poltersdorf	Kurfürst	EL	1
Mosel	Poltersdorf	Rosenhang	GL	0
Mosel	Poltersdorf	Rüberberg	AL	0
Mosel	Poltersdorf	Rüberberger Domherrenberg	EL	1
Mosel	Poltersdorf	Silberberg	EL	0
Mosel	Poltersdorf	Woogberg	EL	0
Mosel	Pommern	Berg	AL	0
Mosel	Pommern	Goldbäumchen	GL	1
Mosel	Pommern	Goldberg	EL	1
Mosel	Pommern	Greismund	AL	1
Mosel	Pommern	Kapellenberg	AL	1
Mosel	Pommern	Kern	AL	1
Mosel	Pommern	Marsberg	AL	1
Mosel	Pommern	Marslay	AL	0
Mosel	Pommern	Rosenberg	EL	1
Mosel	Pommern	Sonnenuhr	EL	1
Mosel	Pommern	Zeisel	EL	1
Mosel	Pünderich	Auf dem Staden	AL	1
Mosel	Pünderich	Dörnchesweg	AL	1
Mosel	Pünderich	Fahrlay	AL	0
Mosel	Pünderich	Falkenlay	AL	0
Mosel	Pünderich	Goldlay	EL	1
Mosel	Pünderich	Marienburg	EL	1
Mosel	Pünderich	Marienburg-Fahrlay	AL	0
Mosel	Pünderich	Marienburg-Treppchen	AL	1
Mosel	Pünderich	Nonnengarten	EL	1
Mosel	Pünderich	Petersberg	AL	0
Mosel	Pünderich	Rosenberg	EL	1
Mosel	Pünderich	Rosengarten	AL	0
Mosel	Pünderich	Vom Heißen Stein	GL	0
Mosel	Ralingen	Herrenwingert	AL	0
Mosel	Rehlingen	Gipfel	GL	0
Mosel	Rehlingen	Haarberg	AL	0
Mosel	Rehlingen	Kapellenberg	EL	1
Mosel	Rehlingen	Kleinberg	AL	0
Mosel	Reil	Berg	AL	1
Mosel	Reil	Falkenberg	AL	0
Mosel	Reil	Falklay	EL	1
Mosel	Reil	Feldgarten	AL	0
Mosel	Reil	Goldberg	AL	1
Mosel	Reil	Goldlay	ELa	1
Mosel	Reil	Goldlay-Hufeisen	AL	0
Mosel	Reil	Goldlay-Reilkirch	AL	1
Mosel	Reil	Gräfinstück	AL	1
Mosel	Reil	Heißenstein	AL	1
Mosel	Reil	Kirchenstück	AL	1
Mosel	Reil	Klostergut Ringelsteiner	AL	0
Mosel	Reil	Moullay-Hofberg	EL	1
Mosel	Reil	Mullay-Pfefferberg	AL	0
Mosel	Reil	Pfarrgarten	AL	0
Mosel	Reil	Pfefferberg	AL	1
Mosel	Reil	Sorentberg	EL	1
Mosel	Reil	Sorentberger Königsgrab	AL	0
Mosel	Reil	Sorentberger Schiefer	AL	1
Mosel	Reil	Staden	AL	1
Mosel	Reil	Vom Heißen Stein	GLa	1
Mosel	Reil	Weingrube	AL	1
Mosel	Riol	Probstberg	GL	0
Mosel	Riol	Römerberg	EL	1
Mosel	Riol	Schildkopf	AL	1
Mosel	Rivenich	Brauneberg	EL	1
Mosel	Rivenich	Geisberg	EL	1
Mosel	Rivenich	Michelsberg	GL	0
Mosel	Rivenich	Niederberg	EL	1
Mosel	Rivenich	Ritsch	AL	1
Mosel	Rivenich	Rosenberg	EL	1
Mosel	Riveris	Heiligenhäuschen	EL	1
Mosel	Riveris	Kuhnchen	EL	1
Mosel	Riveris	Römerlay	GL	0
Mosel	Roden	Westwall	AL	1
Mosel	Ruwer	Maximiner	EL	1
Mosel	Ruwer	Maximiner Herrenberg	AL	0
Mosel	Ruwer	Maximiner Kupp	AL	0
Mosel	Ruwer	Maximiner Neuenberg	AL	1
Mosel	Ruwer	Maximiner Treppchen	AL	1
Mosel	Ruwer	Maximinerberg	AL	0
Mosel	Ruwer	Pauliner	AL	0
Mosel	Ruwer	Römerlay	GL	0
Mosel	Ruwer	Sonnenberg	EL	0
Mosel	Saarbrücken	über den Deutschmühlen	AL	1
Mosel	Saarburg	Antoniusbrunnen	EL	1
Mosel	Saarburg	Bergschlößchen	EL	1
Mosel	Saarburg	Fuchs	EL	1
Mosel	Saarburg	Klosterberg	EL	1
Mosel	Saarburg	Kupp	EL	1
Mosel	Saarburg	Laurentiusberg	EL	1
Mosel	Saarburg	Layenkaul	AL	1
Mosel	Saarburg	Mühlberg	AL	0
Mosel	Saarburg	Rausch	EL	1
Mosel	Saarburg	Scharzberg	GL	1
Mosel	Saarburg	Schloßberg	EL	1
Mosel	Saarburg	Stirn	EL	1
Mosel	Saarburg	Vogelsang	AL	1
Mosel	Saarburg-Beurig	Hubertusberg	AL	1
Mosel	Schleich	Klosterberg	EL	1
Mosel	Schleich	Sonnenberg	EL	1
Mosel	Schleich	St. Michael	GL	1
Mosel	Schoden	Herrenberg	EL	1
Mosel	Schoden	Kreuzberg	AL	1
Mosel	Schoden	Saarfeilser Marienberg	EL	1
Mosel	Schoden	Scharzberg	GL	0
Mosel	Schweich	Annaberg	EL	1
Mosel	Schweich	Burgmauer	EL	1
Mosel	Schweich	Hasenpfad	AL	1
Mosel	Schweich	Herrenberg	EL	1
Mosel	Schweich	Königsberg	AL	1
Mosel	Schweich	Probstberg	GL	1
Mosel	Sehl	Goldbäumchen	GL	0
Mosel	Sehl	Hochlay	EL	0
Mosel	Sehlem	Michelsberg	GL	0
Mosel	Sehlem	Rotlay	EL	1
Mosel	Sehndorf	Klosterberg	EL	1
Mosel	Sehndorf	Marienberg	EL	1
Mosel	Sehndorf	Schloß Bübinger	GL	0
Mosel	Senhals	Goldbäumchen	GL	1
Mosel	Senhals	Grafschaft	GL	0
Mosel	Senhals	Römerberg	EL	1
Mosel	Senhals	Rüberberger Domherrenberg	EL	0
Mosel	Senheim	Bienengarten	EL	1
Mosel	Senheim	Goldgrube	AL	0
Mosel	Senheim	Kuckuckslay	AL	1
Mosel	Senheim	Lay	EL	1
Mosel	Senheim	Rosenberg	EL	1
Mosel	Senheim	Rosenhang	GL	1
Mosel	Senheim	Rüberberger Frauenberg	AL	1
Mosel	Senheim	Schwarzberg	AL	1
Mosel	Senheim	Schwarzlay	AL	0
Mosel	Senheim	Vogteiberg	EL	1
Mosel	Senheim	Wahrsager	EL	1
Mosel	Serrig	Antoniusberg	EL	1
Mosel	Serrig	Antoniusberg-Pfarrgarten	AL	0
Mosel	Serrig	Heiligenborn	EL	1
Mosel	Serrig	Herrenberg	EL	1
Mosel	Serrig	Herrenberg-Würtzberg	AL	1
Mosel	Serrig	Herrenberg-Würtzgarten	AL	1
Mosel	Serrig	Hindenburglay	AL	1
Mosel	Serrig	Hirtzberg	AL	0
Mosel	Serrig	Hoeppslei	EL	1
Mosel	Serrig	König Johann Berg	EL	1
Mosel	Serrig	Kupp	EL	1
Mosel	Serrig	Saarsteiner Kirchenpfad	AL	0
Mosel	Serrig	Saarsteiner Schloßberg	AL	1
Mosel	Serrig	Scharzberg	GL	0
Mosel	Serrig	Schloß Marienlay	AL	0
Mosel	Serrig	Schloß Marienlayer Bildstock	AL	0
Mosel	Serrig	Schloß Marienlayer Königskrone	AL	0
Mosel	Serrig	Schloß Saarfelser Schloßberg	EL	1
Mosel	Serrig	Schloß Saarfelser Vogelsang	AL	1
Mosel	Serrig	Schloß Saarsteiner	EL	1
Mosel	Serrig	Vogelsang	EL	1
Mosel	Serrig	Walzlay	AL	0
Mosel	Serrig	Wingertsheck	AL	1
Mosel	Serrig	Würtzberg	EL	1
Mosel	Sommerau	Burggraben	AL	1
Mosel	Sommerau	Römerlay	GL	0
Mosel	Sommerau	Schloßberg	EL	1
Mosel	Springiersbach	Klosterberg	EL	1
Mosel	Springiersbach	Schwarzlay	GL	0
Mosel	St. Aldegund	Eigenberg	AL	1
Mosel	St. Aldegund	Grafschaft	GL	1
Mosel	St. Aldegund	Hangelberg	AL	0
Mosel	St. Aldegund	Himmelreich	EL	1
Mosel	St. Aldegund	Höttlay	AL	1
Mosel	St. Aldegund	Kammer	AL	0
Mosel	St. Aldegund	Klosterkammer	EL	1
Mosel	St. Aldegund	Königsstück	AL	1
Mosel	St. Aldegund	Lay	AL	0
Mosel	St. Aldegund	Mönchstrunk	AL	0
Mosel	St. Aldegund	Palmberg Terrassen	EL	1
Mosel	St. Aldegund	Rosenberg	AL	1
Mosel	St. Matthias	Römerlay	GL	0
Mosel	St. Matthias	St. Matheiser	EL	1
Mosel	Starkenburg	Rosengarten	EL	1
Mosel	Starkenburg	Schwarzlay	GL	0
Mosel	Starkenburg	Unterburg	AL	1
Mosel	Tarforst	Andreasberg	EL	0
Mosel	Tarforst	Römerlay	GL	0
Mosel	Tawern	Felsberg	AL	0
Mosel	Temmels	Altenberg	AL	0
Mosel	Temmels	Gipfel	GL	0
Mosel	Temmels	Münsterstadt	EL	1
Mosel	Temmels	St. Georgshof	EL	1
Mosel	Thörnich	Enggaß	EL	1
Mosel	Thörnich	Lay	AL	0
Mosel	Thörnich	Ritsch	EL	1
Mosel	Thörnich	Schießlay	EL	1
Mosel	Thörnich	St. Michael	GL	1
Mosel	Thörnich	Würzberg	AL	1
Mosel	Traben	Backhaus	AL	1
Mosel	Traben	Bergpächter	AL	1
Mosel	Traben	Gaispfad	EL	1
Mosel	Traben	Geyerslay	AL	1
Mosel	Traben	Hofberg	AL	1
Mosel	Traben	Königsberg	EL	1
Mosel	Traben	Kräuterhaus	AL	1
Mosel	Traben	Kräuterhaus Brünnchen	AL	0
Mosel	Traben	Kräuterhaus Kreuz	AL	1
Mosel	Traben	Kräuterhaus Pfarrgarten	AL	1
Mosel	Traben	Kräuterhaus-Steinbach	AL	1
Mosel	Traben	Lausa Zollturm	AL	0
Mosel	Traben	Pfarrgarten Blenter	AL	0
Mosel	Traben	Priewingert	AL	1
Mosel	Traben	Rißbacher Backhaus	AL	1
Mosel	Traben	Schönebock	AL	0
Mosel	Traben	Taubenhaus	AL	0
Mosel	Traben	Unterburg	AL	1
Mosel	Traben	Unterburger Gaispfad	AL	1
Mosel	Traben	Weingarten Bestlaychen	AL	0
Mosel	Traben	Würzgarten	AL	1
Mosel	Traben	Würzgarten Bergpichter	AL	1
Mosel	Traben	Würzgarten Bestlay	AL	0
Mosel	Traben	Würzgarten Rickelsberg	AL	0
Mosel	Traben	Zollhaus	AL	0
Mosel	Traben	Zollturm	AL	1
Mosel	Traben Rißbach	Rickelsberg	AL	1
Mosel	Traben-Trarbach	Hofberg	AL	0
Mosel	Traben-Trarbach	Klösterle	AL	1
Mosel	Traben-Trarbach	Kräuterhaus Pfarrgarten	AL	0
Mosel	Traben-Trarbach	Kreuzberg-Münchenroth	AL	0
Mosel	Traben-Trarbach	Liebeskummer	AL	1
Mosel	Traben-Trarbach	Neuberg	AL	0
Mosel	Traben-Trarbach	Pfarrgarten	AL	0
Mosel	Traben-Trarbach	Rißbacher	AL	0
Mosel	Traben-Trarbach	Schloßberg Lampher	AL	0
Mosel	Traben-Trarbach	Ungsberg Pfarrwingert	AL	0
Mosel	Traben-Trarbach	Würzgarten-Geierslay	AL	0
Mosel	Trarbach	Am Graacher Pfad	AL	0
Mosel	Trarbach	Burgberg	EL	1
Mosel	Trarbach	Gaispfad	EL	0
Mosel	Trarbach	Halsberg	AL	1
Mosel	Trarbach	Herbstberg	AL	1
Mosel	Trarbach	Hühnerberg	EL	1
Mosel	Trarbach	Karlsberg	AL	0
Mosel	Trarbach	Kästel-Halsberg	AL	1
Mosel	Trarbach	Klösterle	AL	1
Mosel	Trarbach	Kräuterhaus	EL	1
Mosel	Trarbach	Kreuz	AL	0
Mosel	Trarbach	Kreuzberg	EL	1
Mosel	Trarbach	Kreuzberg-Münchroth	AL	1
Mosel	Trarbach	Lacherküppchen	AL	0
Mosel	Trarbach	Münchenroth	AL	1
Mosel	Trarbach	Schloßberg	EL	1
Mosel	Trarbach	Schloßberg-Burgberg	EL	1
Mosel	Trarbach	Schloßberg-Felschen	AL	0
Mosel	Trarbach	Schloßberg-Lampher	AL	1
Mosel	Trarbach	Schloßberg-Schloßgraben	AL	0
Mosel	Trarbach	Schwarzlay	GL	0
Mosel	Trarbach	Taubenhaus	EL	1
Mosel	Trarbach	Ungsberg	EL	1
Mosel	Trarbach	Weg	AL	0
Mosel	Trarbach	Würzgarten	EL	1
Mosel	Trarbach	Zollturm	EL	0
Mosel	Treis	Castel	AL	1
Mosel	Treis	Elslay	AL	0
Mosel	Treis	Gretchen	AL	1
Mosel	Treis	Greth	EL	1
Mosel	Treis	Kapellenberg	EL	1
Mosel	Treis	Rosenhang	GL	0
Mosel	Treis	Sonnenberg	AL	0
Mosel	Treis	Treppchen	EL	1
Mosel	Trier	Andreasberg 	EL	1
Mosel	Trier	Augenscheiner	EL	1
Mosel	Trier	Augenscheiner Stübchen	AL	1
Mosel	Trier	Augenscheiner Treppchen	AL	1
Mosel	Trier	Benediktinerberg	EL	1
Mosel	Trier	Burgberg	EL	1
Mosel	Trier	Deutschherrenberg	EL	1
Mosel	Trier	Deutschherrenköpfchen	EL	1
Mosel	Trier	Domherrenberg	EL	1
Mosel	Trier	Jesuiten-Kreuzgarten	AL	0
Mosel	Trier	Jesuitenwingert	EL	1
Mosel	Trier	Kreuzberg	AL	1
Mosel	Trier	Kurfürstenhofberg	EL	1
Mosel	Trier	Neuberg	AL	1
Mosel	Trier	Niesgen	AL	1
Mosel	Trier	Römerberg	AL	0
Mosel	Trier	Römerlay	GL	1
Mosel	Trier	St. Martiner Hofberg	EL	1
Mosel	Trier	St. Maximiner Kreuzberg	EL	1
Mosel	Trier	St. Maximiner Pichter	AL	1
Mosel	Trier	St. Petrusberg	EL	1
Mosel	Trier	Thiergarten	AL	1
Mosel	Trier	Thiergarten Felsköpfchen	EL	1
Mosel	Trier	Thiergarten Hofberg	AL	1
Mosel	Trier	Thiergarten Unterm Kreuz	EL	1
Mosel	Trittenheim	(Im) Neuberg	AL	0
Mosel	Trittenheim	(St.) Laurentiusberg	AL	1
Mosel	Trittenheim	Altärchen	EL	1
Mosel	Trittenheim	Apotheke	EL	1
Mosel	Trittenheim	Clemensberg	AL	1
Mosel	Trittenheim	Fahrfels	AL	1
Mosel	Trittenheim	Falkenberg	AL	1
Mosel	Trittenheim	Felsenkopf	EL	1
Mosel	Trittenheim	Jungheld	AL	1
Mosel	Trittenheim	Layenberg	AL	0
Mosel	Trittenheim	Leiterchen	EL	1
Mosel	Trittenheim	Michelsberg	GL	0
Mosel	Trittenheim	Neuberg	AL	1
Mosel	Trittenheim	Olk	AL	1
Mosel	Trittenheim	Sonnteil	AL	0
Mosel	Trittenheim	Weierbach	AL	1
Mosel	Trittenheim	Zwergfeld	AL	0
Mosel	Unterstarkenburg	Zollturm	AL	1
Mosel	Ürzig	Berg	AL	0
Mosel	Ürzig	Goldwingert	EL	1
Mosel	Ürzig	Ma(r)xberg	AL	0
Mosel	Ürzig	Oberberg-Blümchen	AL	0
Mosel	Ürzig	Schwarzberg	AL	0
Mosel	Ürzig	Schwarzlay	GLa	1
Mosel	Ürzig	Treppchen	AL	1
Mosel	Ürzig	Urglück	AL	1
Mosel	Ürzig	Würzgarten	EL	1
Mosel	Ürzig	Würzgarten-Altar	AL	0
Mosel	Ürzig	Würzgarten-Kranklay	AL	0
Mosel	Ürzig	Würzgarten-Sonnenuhr	AL	1
Mosel	Valwig	Hahnenberg	AL	1
Mosel	Valwig	Herrenberg	EL	1
Mosel	Valwig	Palmberg	EL	1
Mosel	Valwig	Rosenhang	GL	1
Mosel	Valwig	Schwarzenberg	EL	1
Mosel	Valwig	Sonnenhofberg	AL	0
Mosel	Valwig	Teilberg	AL	1
Mosel	Valwig	Valwigberger Herrenberg	AL	1
Mosel	Valwig	Valwigsberger Lay	AL	0
Mosel	Veldenz	Carlsberg	EL	1
Mosel	Veldenz	Elisenberg	EL	1
Mosel	Veldenz	Geisberg	AL	0
Mosel	Veldenz	Grafschafter Sonnenberg	EL	1
Mosel	Veldenz	Hammer	AL	1
Mosel	Veldenz	Helenenberg	AL	1
Mosel	Veldenz	Kirchberg	EL	1
Mosel	Veldenz	Kurfürstlay	GL	0
Mosel	Veldenz	Mühlberg	EL	1
Mosel	Veldenz	Neuberg	AL	0
Mosel	Veldenz	Schloßberg	AL	0
Mosel	Veldenz	Steinberg	AL	0
Mosel	Waldrach	Almos	AL	1
Mosel	Waldrach	Doktorberg	EL	1
Mosel	Waldrach	Ehrenberg	EL	1
Mosel	Waldrach	Fuchssprung	AL	0
Mosel	Waldrach	Gracherberg	AL	0
Mosel	Waldrach	Hahnenberg	AL	1
Mosel	Waldrach	Hauptberg	AL	0
Mosel	Waldrach	Heidenkopf	AL	1
Mosel	Waldrach	Heiligenhäuschen	EL	1
Mosel	Waldrach	Heiligenhäuschen im Fallet	AL	0
Mosel	Waldrach	Hubertusberg	EL	1
Mosel	Waldrach	Jesuitengarten	EL	1
Mosel	Waldrach	Jungfernberg	EL	1
Mosel	Waldrach	Königskrone	AL	0
Mosel	Waldrach	Krone	EL	1
Mosel	Waldrach	Kurfürstenberg	EL	1
Mosel	Waldrach	Laurentiusberg	EL	1
Mosel	Waldrach	Meisenberg	EL	1
Mosel	Waldrach	Römerlay	GL	0
Mosel	Waldrach	Scheiterberg	AL	0
Mosel	Waldrach	Schloß Marienlay	AL	1
Mosel	Waldrach	Schloß Marienlayer Königskrone	AL	1
Mosel	Waldrach	Sonnenberg	EL	1
Mosel	Waldrach	Wingert (Großen und langen)	AL	0
Mosel	Wasserbillig	Bocksberg	AL	1
Mosel	Wasserbillig	Boxberg	AL	0
Mosel	Wasserliesch	Albachtaler	EL	1
Mosel	Wasserliesch	Gipfel	GL	0
Mosel	Wasserliesch	Reinig auf der Burg	EL	1
Mosel	Wawern	Goldberg	EL	1
Mosel	Wawern	Herrenberger	EL	1
Mosel	Wawern	Jesuitenberg	EL	1
Mosel	Wawern	Ritterpfad	EL	1
Mosel	Wawern	Scharzberg	GL	0
Mosel	Wehlen	Abtei	EL	1
Mosel	Wehlen	Feinter	AL	1
Mosel	Wehlen	Hofberg	EL	1
Mosel	Wehlen	Kleinberg	AL	0
Mosel	Wehlen	Klosterberg	EL	1
Mosel	Wehlen	Klosterhofgut	EL	1
Mosel	Wehlen	Klosterhofgut Machern	AL	0
Mosel	Wehlen	Klosterlay	AL	1
Mosel	Wehlen	Lammertslay	AL	0
Mosel	Wehlen	Lay	AL	1
Mosel	Wehlen	Maximin-Nonnenberg	AL	1
Mosel	Wehlen	Münzlay	GLa	1
Mosel	Wehlen	Nonnenberg	EL	1
Mosel	Wehlen	Rosenberg	EL	1
Mosel	Wehlen	Sonnenuhr	EL	1
Mosel	Wehlen	Sonnenuhr-Feinter	AL	1
Mosel	Wehlen	Wertspitz	AL	1
Mosel	Wehr	Gipfel	GL	0
Mosel	Wehr	Rosenberg	EL	1
Mosel	Wellen	Altenberg	EL	1
Mosel	Wellen	Gipfel	GL	0
Mosel	Wellen	Kleinberg	AL	1
Mosel	Wellen	Steinkaul	AL	1
Mosel	Wiltingen	Auf der Kupp	AL	0
Mosel	Wiltingen	braune Kupp	EL	1
Mosel	Wiltingen	Braunfels	EL	1
Mosel	Wiltingen	Bronnfels	AL	0
Mosel	Wiltingen	Dorr	AL	0
Mosel	Wiltingen	Galgenberg	AL	0
Mosel	Wiltingen	Gottesfuß	EL	1
Mosel	Wiltingen	Grawels	AL	1
Mosel	Wiltingen	Hölle	EL	1
Mosel	Wiltingen	Kapellenberg	AL	1
Mosel	Wiltingen	Klosterberg	EL	1
Mosel	Wiltingen	Klosterberg Häuschen	AL	0
Mosel	Wiltingen	Klostergarten	AL	1
Mosel	Wiltingen	Klosterlay	AL	1
Mosel	Wiltingen	Kupp	EL	1
Mosel	Wiltingen	Rosenberg	EL	1
Mosel	Wiltingen	Runenfels	AL	1
Mosel	Wiltingen	Sandberg	EL	1
Mosel	Wiltingen	Scharzberg	GLa	1
Mosel	Wiltingen	Scharzhofberg	EL	1
Mosel	Wiltingen	Schlangengraben	EL	1
Mosel	Wiltingen	Schloßberg	EL	1
Mosel	Wiltingen	Schwarzberg	AL	1
Mosel	Wiltingen	Wild	AL	1
Mosel	Wiltingen	Zuckerberg	AL	1
Mosel	Wincheringen	Burg Warsberg	EL	1
Mosel	Wincheringen	Fuchsloch	EL	1
Mosel	Wincheringen	Gipfel	GL	1
Mosel	Wincheringen	Kleinberg	AL	1
Mosel	Wincheringen	Mühlberg	AL	1
Mosel	Wincheringen	Mühlenberg	AL	1
Mosel	Winningen	Breitenweg	AL	1
Mosel	Winningen	Brückstück	EL	1
Mosel	Winningen	Daubesberg	AL	1
Mosel	Winningen	Domgarten	EL	1
Mosel	Winningen	Eckstein	AL	0
Mosel	Winningen	Hamm	EL	1
Mosel	Winningen	Heideberg	AL	0
Mosel	Winningen	Hölle	AL	0
Mosel	Winningen	Im Röttgen	EL	1
Mosel	Winningen	Mäuerchen	AL	0
Mosel	Winningen	Rosenberg	AL	1
Mosel	Winningen	Sternberg	AL	1
Mosel	Winningen	Uhlen	EL	1
Mosel	Winningen	Weinhex	GLa	1
Mosel	Wintersdorf	Berg	AL	0
Mosel	Wintrich	Felsberg	AL	1
Mosel	Wintrich	Geierskopf	AL	1
Mosel	Wintrich	Geierslay	EL	1
Mosel	Wintrich	Geierslayer Mühl	AL	1
Mosel	Wintrich	Geierslayer Ohligsberg	AL	1
Mosel	Wintrich	Geyerskopf	AL	1
Mosel	Wintrich	Geyerslayer Adolphstein	AL	0
Mosel	Wintrich	Geyerslayer Neuberg	AL	0
Mosel	Wintrich	Geyerslayer vor dem Ohligberg	AL	1
Mosel	Wintrich	Geyerslayer vorm Berg	AL	1
Mosel	Wintrich	Großer Herrgott	EL	1
Mosel	Wintrich	Kurfürstlay	GL	0
Mosel	Wintrich	Ohligsberg	EL	1
Mosel	Wintrich	Rosenberg	AL	1
Mosel	Wintrich	Simonsberg	AL	1
Mosel	Wintrich	Sonnseite	AL	1
Mosel	Wintrich	Stefanslay	EL	1
Mosel	Wittlich	Bildchen	AL	1
Mosel	Wittlich	Bottchen	EL	1
Mosel	Wittlich	Felsentreppchen	EL	1
Mosel	Wittlich	Klosterweg	EL	1
Mosel	Wittlich	Kupp	EL	1
Mosel	Wittlich	Lay	EL	1
Mosel	Wittlich	Pichter	AL	1
Mosel	Wittlich	Portnersberg	EL	1
Mosel	Wittlich	Rasheidchen	AL	1
Mosel	Wittlich	Rosenberg	EL	1
Mosel	Wittlich	Schwarzlay	GL	0
Mosel	Wittlich	Wanner	AL	1
Mosel	Wolf	Auf der Heide	EL	1
Mosel	Wolf	Goldgrube	EL	1
Mosel	Wolf	Herrenberg	AL	1
Mosel	Wolf	Himmelreich	AL	1
Mosel	Wolf	Klosterberg	EL	1
Mosel	Wolf	Lamferberg	AL	1
Mosel	Wolf	Rotkäppchen	AL	1
Mosel	Wolf	Schatzgarten	EL	1
Mosel	Wolf	Schwarzlay	GL	0
Mosel	Wolf	Sonnenlay	EL	1
Mosel	Zell	Burglay	AL	1
Mosel	Zell	Burglay-Felsen	EL	1
Mosel	Zell	Domherrenberg	EL	1
Mosel	Zell	Geisberg	EL	1
Mosel	Zell	Grafschaft	GL	1
Mosel	Zell	Hinter der alten Kirch	AL	1
Mosel	Zell	Kapertchen	AL	1
Mosel	Zell	Kirchberg	AL	0
Mosel	Zell	Kreuzberg	AL	0
Mosel	Zell	Kreuzlay	EL	1
Mosel	Zell	Marienburger	AL	1
Mosel	Zell	Nußberg	EL	1
Mosel	Zell	Nußberg-Terrassen	AL	0
Mosel	Zell	Petersborn	AL	1
Mosel	Zell	Petersborn-Kabertchen	EL	1
Mosel	Zell	Pommerell	EL	1
Mosel	Zell	Schloßberg	AL	1
Mosel	Zell	Schwarze Katz	GLa	1
Mosel	Zell	Vor der Port	AL	1
Mosel	Zeltingen	Berg	AL	1
Mosel	Zeltingen	Bickert	AL	1
Mosel	Zeltingen	Bückert	AL	0
Mosel	Zeltingen	Deutschherrenberg	EL	1
Mosel	Zeltingen	Himmelreich	EL	1
Mosel	Zeltingen	Himmelreich-Teschenter	AL	0
Mosel	Zeltingen	Johannisberg	AL	0
Mosel	Zeltingen	Kirbel	AL	0
Mosel	Zeltingen	Kirchenpfad	AL	1
Mosel	Zeltingen	Kirchenpfad-Steffenslay	AL	1
Mosel	Zeltingen	Kirchlay	AL	0
Mosel	Zeltingen	Münzlay	GL	1
Mosel	Zeltingen	Neuberg	AL	1
Mosel	Zeltingen	Niederband	AL	0
Mosel	Zeltingen	Niederberg	AL	0
Mosel	Zeltingen	Pichter	AL	1
Mosel	Zeltingen	Rotlay	AL	1
Mosel	Zeltingen	Schloßberg	EL	1
Mosel	Zeltingen	Schloßberg-Rotlay	AL	1
Mosel	Zeltingen	Schloss	AL	0
Mosel	Zeltingen	Schwarzlay	AL	1
Mosel	Zeltingen	Sonnenuhr	EL	1
Mosel	Zeltingen	Sonnenuhr-Rotlay	AL	1
Mosel	Zeltingen	Stefansberg	AL	1
Mosel	Zeltingen	Steinmauer	AL	1
Mosel	Zeltingen	Stephanslay	AL	1
Mosel	Zeltingen	Stirn	AL	1
Mosel	Zeltingen-Rachtig	Deutschherrenberg 	EL	1
Mosel	Zeltingen-Rachtig	Schloßberg-Rotlay	AL	0
